PRAGMA foreign_keys=OFF;
BEGIN TRANSACTION;
CREATE TABLE IF NOT EXISTS "migrations" ("id" integer primary key autoincrement not null, "migration" varchar not null, "batch" integer not null);
INSERT INTO migrations VALUES(435,'2014_10_12_000000_create_users_table',1);
INSERT INTO migrations VALUES(436,'2014_10_12_100000_create_password_reset_tokens_table',1);
INSERT INTO migrations VALUES(437,'2014_10_12_100000_create_password_resets_table',1);
INSERT INTO migrations VALUES(438,'2019_08_19_000000_create_failed_jobs_table',1);
INSERT INTO migrations VALUES(439,'2019_12_14_000001_create_personal_access_tokens_table',1);
INSERT INTO migrations VALUES(440,'2023_12_05_212936_create_categories_table',1);
INSERT INTO migrations VALUES(441,'2023_12_06_173216_create_products_table',1);
INSERT INTO migrations VALUES(442,'2023_12_06_194931_create_taxes_table',1);
INSERT INTO migrations VALUES(443,'2023_12_07_181331_create_orders_table',1);
INSERT INTO migrations VALUES(444,'2023_12_07_183832_create_line_items_table',1);
INSERT INTO migrations VALUES(445,'2023_12_07_185404_create_transactions_table',1);
INSERT INTO migrations VALUES(446,'2023_12_07_191558_create_reviews_table',1);
INSERT INTO migrations VALUES(447,'2023_12_09_150222_create_messages_table',1);
INSERT INTO migrations VALUES(448,'2023_12_11_164357_create_category_product_table',1);
CREATE TABLE IF NOT EXISTS "users" ("id" integer primary key autoincrement not null, "first_name" varchar not null, "last_name" varchar not null, "email" varchar not null, "email_verified_at" datetime, "address" varchar not null, "street" varchar not null, "city" varchar not null, "province" varchar not null, "country" varchar not null, "postal_code" varchar not null, "phone_number" varchar not null, "password" varchar not null, "remember_token" varchar, "is_admin" tinyint(1) not null default '0', "created_at" datetime, "updated_at" datetime);
INSERT INTO users VALUES(1,'Regular','User','user@sample.com',NULL,'PACE, Buhler Centre, UofW','460 Portage Ave','Winnipeg','Manitoba','Canada','R3B 2P7','1234562345','$2y$12$64dmoULhOEdUFhmZDm9nR./mDmEWVXqE1rcRrrkbreVLcprVv8Y7a',NULL,0,'2023-12-20 23:12:05','2023-12-20 23:12:05');
INSERT INTO users VALUES(2,'Admin','User','admin@sample.com',NULL,'Admin Main Address','179 Grande Allée O','Montreal','Quebec','Canada','G1R 2H1','1234567890','$2y$12$Ep2S3lIIzktplySASfA7duLo/FvE8rLY4gmSQmus7238RF1DDW2FO',NULL,1,'2023-12-20 23:12:06','2023-12-20 23:12:06');
CREATE TABLE IF NOT EXISTS "password_reset_tokens" ("email" varchar not null, "token" varchar not null, "created_at" datetime, primary key ("email"));
CREATE TABLE IF NOT EXISTS "password_resets" ("email" varchar not null, "token" varchar not null, "created_at" datetime);
CREATE TABLE IF NOT EXISTS "failed_jobs" ("id" integer primary key autoincrement not null, "uuid" varchar not null, "connection" text not null, "queue" text not null, "payload" text not null, "exception" text not null, "failed_at" datetime not null default CURRENT_TIMESTAMP);
CREATE TABLE IF NOT EXISTS "personal_access_tokens" ("id" integer primary key autoincrement not null, "tokenable_type" varchar not null, "tokenable_id" integer not null, "name" varchar not null, "token" varchar not null, "abilities" text, "last_used_at" datetime, "expires_at" datetime, "created_at" datetime, "updated_at" datetime);
CREATE TABLE IF NOT EXISTS "categories" ("id" integer primary key autoincrement not null, "name" varchar not null, "created_at" datetime, "updated_at" datetime);
INSERT INTO categories VALUES(1,'Dining Room',NULL,NULL);
INSERT INTO categories VALUES(2,'Living Room',NULL,NULL);
INSERT INTO categories VALUES(3,'Bed Room',NULL,NULL);
INSERT INTO categories VALUES(4,'Home Office',NULL,NULL);
INSERT INTO categories VALUES(5,'Garden Accents',NULL,NULL);
CREATE TABLE IF NOT EXISTS "products" ("id" integer primary key autoincrement not null, "name" varchar not null, "image" varchar not null, "summary" text not null, "color" varchar not null, "material" varchar not null, "unit_price" numeric not null, "description" text not null, "brand" varchar not null, "weight" varchar not null, "dimensions" varchar not null, "created_at" datetime, "updated_at" datetime);
INSERT INTO products VALUES(1,'ErgoComfort Office Chair','resized_office_1.jpg','A comfortable and ergonomic office chair designed for long hours of work.','Black','Mesh, PU Leather',299.990000000000009,'The ErgoComfort Office Chair features adjustable lumbar support, padded armrests, and a breathable mesh back for optimal comfort during extended periods of sitting. The PU leather seat adds a touch of elegance while ensuring durability. Its ergonomic design promotes proper posture and reduces strain on the back and neck.','Molteni&C','35','24x26x45 inches','2023-12-20 23:12:08',NULL);
INSERT INTO products VALUES(2,'Cozy Bedroom Chair','resized_bedroom_2.jpg','A comfortable chair for your bedroom.','White','Wood and Fabric',149.990000000000009,'This cozy bedroom chair offers a perfect blend of comfort and style. Its wooden frame and soft fabric upholstery make it an ideal choice for your bedroom.','Palliser','15','3025x35 inches','2023-12-20 23:12:08',NULL);
INSERT INTO products VALUES(3,'Elegant Bedroom Chair','resized_bedroom_4.jpg','An elegant addition to your bedroom decor.','Red','Metal and Leather',199.990000000000009,'Enhance your bedroom ambiance with this elegant chair. Its sleek metal frame and luxurious leather seat make it a perfect blend of style and sophistication.','Dufresne','18','28x22x38 inches','2023-12-20 23:12:08',NULL);
INSERT INTO products VALUES(4,'Modern Bedroom Chair','resized_bedroom_8.jpg','A modern touch to your bedroom.','Gray','Plastic and Fabric',129.990000000000009,'Introduce modernity into your bedroom with this chair. Its sleek design, made of durable plastic and soft fabric, offers both style and comfort.','Us & Coutumes','12','32x24x30 inches','2023-12-20 23:12:08',NULL);
INSERT INTO products VALUES(5,'Classic Bedside Table','resized_bedroom_1.jpg','A versatile bedside table for your essentials.','Brown','Wood',79.9899999999999948,'This classic bedside table offers functionality and style. Made from sturdy wood, it provides ample space for your nighttime essentials.','Mobilia','7','20x18x25 inches','2023-12-20 23:12:08',NULL);
INSERT INTO products VALUES(6,'Comfy Living Room Sofa Set','resized_bedroom_9.jpg','Elegant and comfortable sofa set for your living room.','Gray','Fabric',599.990000000000009,'This comfy sofa set is designed to provide both style and comfort. Made with high-quality fabric, it adds an elegant touch to your living room while offering a cozy seating experience.','Mobilia','45','80x32x35 inches','2023-12-20 23:12:08',NULL);
INSERT INTO products VALUES(7,'Modern Leather Sofa Set','resized_bedroom_3.jpg','Sleek and modern sofa set for contemporary spaces.','Black','Leather',899.990000000000009,'This modern sofa set features sleek lines and premium leather upholstery. Its contemporary design complements modern spaces while providing durability and style.','Palliser','55','78x34x32 inches','2023-12-20 23:12:08',NULL);
INSERT INTO products VALUES(8,'Elegant Upholstered Bed','resized_bedroom_6.jpg','An elegant bed for a comfortable night’s sleep.','Beige','Fabric and Wood',699.990000000000009,'This elegant upholstered bed offers both style and comfort. Its soft fabric and sturdy wooden frame provide a cozy and luxurious sleeping experience, adding charm to your bedroom.','Dufresne','40 kg','65x85x45 inches','2023-12-20 23:12:08',NULL);
INSERT INTO products VALUES(9,'Modern Platform Bed','resized_bedroom_5.jpg','A sleek and minimalist bed for contemporary bedrooms.','White','Metal and Wood',549.990000000000009,'This modern platform bed boasts a minimalist design with a combination of metal and wood. It’s perfect for contemporary bedrooms, offering both style and durability.','Dufresne','35','60x80x12 inches','2023-12-20 23:12:08',NULL);
INSERT INTO products VALUES(10,'Modern Upholstered Stool','resized_bedroom_7.jpg','A stylish and versatile upholstered stool.','Gray','Fabric and Wood',49.9900000000000019,'This modern upholstered stool combines comfort with style. Its soft fabric and sturdy wooden frame make it a versatile addition to your living space, serving as extra seating or a decorative accent.','Molteni&C','5','16x16x18 inches','2023-12-20 23:12:08',NULL);
INSERT INTO products VALUES(11,'Modern Standing Clothing Rack','resized_bedroom_10.jpg','A sleek and functional standing clothing rack.','Brown','Wood',79.9899999999999948,'This modern clothing rack offers a sleek solution for organizing your wardrobe. Made from durable metal, it provides ample space for hanging clothes and adds a contemporary touch to your space.','Us & Coutumes','7','48x18x60 inches','2023-12-20 23:12:08',NULL);
INSERT INTO products VALUES(12,'Wooden Farmhouse Dining Table','resized_Dining_2.jpg','A classic wooden dining table perfect for family gatherings.','Brown','Wood',299.990000000000009,'Crafted from sturdy wood, this farmhouse-style dining table brings a rustic charm to your dining area. Its spacious surface accommodates large meals and provides a warm, inviting atmosphere for family gatherings.','Rustic Living','20','72x36x30 inches','2023-12-20 23:12:08',NULL);
INSERT INTO products VALUES(13,'Glass Round Dining Table','resized_DIning_1.jpg','A sleek and modern glass dining table for contemporary spaces.','Transparent','Glass',499.990000000000009,'This round dining table features a tempered glass top supported by a stylish metallic base, creating an elegant centerpiece for your dining room. Its compact size makes it perfect for smaller spaces without compromising on style.','Molteni&C','15','48x30 inches','2023-12-20 23:12:08',NULL);
INSERT INTO products VALUES(14,'Modern Glass Top Dining Table','resized_Dining_9.jpg','A sleek and contemporary dining table with a glass top.','Black','Glass, Metal',899.990000000000009,'Featuring a sleek metal base and a tempered glass top, this modern dining table adds sophistication to your dining area. Its contemporary design and high-quality materials make it a striking focal point for any modern home.','Molteni&C','30','60x36x30 inches','2023-12-20 23:12:08',NULL);
INSERT INTO products VALUES(15,'Small Wooden Coffee Table','resized_Dining_5.jpg','A compact wooden coffee table perfect for cozy spaces.','Brown','Wood',129.990000000000009,'This small coffee table, made from durable wood, is an ideal addition to cozy corners. Its compact size and warm brown hue create a welcoming spot for placing drinks or displaying decor in your living area.','Dufresne','8','36x18x18 inches','2023-12-20 23:12:08',NULL);
INSERT INTO products VALUES(16,'Small Wooden Stool','resized_Dining_7.jpg','A compact and versatile wooden stool.','Brown','Wood',49.9900000000000019,'This small wooden stool is crafted from sturdy wood, offering a versatile seating or accent option for various spaces. Its compact size makes it perfect for additional seating or as a decorative element in any room.','Us & Coutumes','5','12x12x18 inches','2023-12-20 23:12:08',NULL);
INSERT INTO products VALUES(17,'Small Wooden Dining Table','resized_Dining_4.jpg','A compact wooden dining table for intimate gatherings.','Brown','Wood',249.990000000000009,'Crafted from durable wood, this small dining table is perfect for intimate gatherings or smaller dining spaces. Its compact size doesn’t compromise on style or functionality, providing a cozy and inviting dining experience.','Mobilia','15','48x30x30 inches','2023-12-20 23:12:08',NULL);
INSERT INTO products VALUES(18,'Small Wooden Coffee Table','resized_Dining_9.jpg','A compact wooden coffee table for cozy spaces.','Brown','Wood',149.990000000000009,'Crafted from durable wood, this small coffee table is designed for cozy living spaces. Its compact size and charming design make it a perfect centerpiece for your living area, providing a spot for drinks or decor.','Us & Coutumes','10','36x24x18 inches','2023-12-20 23:12:08',NULL);
INSERT INTO products VALUES(19,'Modern Upholstered Dining Chair','resized_Dining_10.jpg','A sleek and comfortable upholstered dining chair.','Gray','Fabric, Metal',129.990000000000009,'This modern dining chair features a stylish upholstered seat and backrest supported by metal legs, offering both comfort and contemporary flair. Its sleek design and cushioned seating make it an excellent addition to modern dining spaces.','Dufresne','6','20x22x32 inhes','2023-12-20 23:12:08',NULL);
INSERT INTO products VALUES(20,'Classic Dining Chairs','resized_Dining_6.jpg','A timeless dining chairs for traditional spaces.','Colourful','Metal',79.9899999999999948,'These classic dining chairs are crafted from sturdy wood, providing both durability and elegance. It is timeless design and comfortable seating make it an ideal choice for complementing traditional dining tables or adding a touch of warmth to any space.','Molteni&C','8','18x18x36 inches','2023-12-20 23:12:08',NULL);
INSERT INTO products VALUES(21,'Marble Top Rectangular Dining Table','resized_Dining_3.jpg','A luxurious marble top dining table with a contemporary feel.','Brown','Marble, Metal',899.990000000000009,'This rectangular dining table features a luxurious marble top paired with sleek metal legs, creating a sophisticated look for your dining area. Its durable construction and elegant design make it a focal point of any modern home.','Palliser','30','72x42x30 inches','2023-12-20 23:12:08',NULL);
INSERT INTO products VALUES(22,'ErgoComfort Office Chair set','resized_office_2.jpg','A comfortable and ergonomic office chair set designed for long hours of work.','Black','Mesh, PU Metal',299.990000000000009,'The ErgoComfort Office Chair features adjustable lumbar support, padded armrests, and a breathable mesh back for optimal comfort during extended periods of sitting. The PU leather seat adds a touch of elegance while ensuring durability. Its ergonomic design promotes proper posture and reduces strain on the back and neck.','Mobilia','35','24x26x45 inches','2023-12-20 23:12:08',NULL);
INSERT INTO products VALUES(23,'Modern Geometric Hanging Lamp set','resized_office_3.jpg','A contemporary geometric hanging lamps for stylish illumination.','Gold','Metal',149.990000000000009,'The Modern Geometric Hanging Lamp set features a sleek design with gold accents, adding a contemporary touch to any room. Its geometric shape and metal construction exude elegance and sophistication. Ideal for modern interiors seeking a statement lighting fixture.','Us & Coutumes','4','14x14x20 inches','2023-12-20 23:12:08',NULL);
INSERT INTO products VALUES(24,'Vintage Industrial Pendant Light','resized_office_6.jpg','A vintage-style pendant light for rustic ambiance.','Bronze','Metal, Glass',79.9899999999999948,'The Vintage Industrial Pendant Light adds a rustic charm to your space. Crafted with metal and glass, this pendant light features a vintage design that complements industrial or farmhouse decor. Hang it above dining tables or in living areas to create a warm and inviting ambiance.','Dufresne','5','12x12x16 inches','2023-12-20 23:12:08',NULL);
INSERT INTO products VALUES(25,'Modern Leather Office Sofa','resized_office_4.jpg','A modern leather sofa for comfortable office spaces.','Brown','Leather',599.990000000000009,'The Modern Leather Office Sofa offers both comfort and style. Upholstered in premium leather, this sofa provides ample seating for office receptions or lounge areas. Its modern design and sturdy construction ensure durability while maintaining a professional look for your workspace.','Palliser','80','72x30x32 inches','2023-12-20 23:12:08',NULL);
INSERT INTO products VALUES(26,'Contemporary Fabric Office Sofa','resized_office_5.jpg','A contemporary fabric sofa for versatile office settings.','Green','Fabric',499.990000000000009,'The Contemporary Fabric Office Sofa combines comfort with a sleek design. With its soft fabric upholstery and spacious seating, this sofa is perfect for collaborative spaces or casual meeting areas in offices. Its neutral color and contemporary style blend seamlessly with various office decors.','Dufresne','65','68x32x34 inches','2023-12-20 23:12:08',NULL);
INSERT INTO products VALUES(27,'Ergonomic Reclining Office Sofa','resized_office_10.jpg','An ergonomic reclining sofa for versatile office relaxation.','Brown','Leatherette',699.990000000000009,'The Ergonomic Reclining Office Sofa offers exceptional comfort and functionality. Crafted with durable leatherette material, this sofa features reclining seats and adjustable headrests, providing a perfect setting for relaxation or brief rest periods in office spaces. Its ergonomic design ensures proper support and comfort for extended use.','Molteni&C','75','70x35x30 inches','2023-12-20 23:12:08',NULL);
INSERT INTO products VALUES(28,'Wooden Mid-Century Side Table','resized_office_7.jpg','A wooden mid-century side table for a retro office vibe.','Natural Wood','Wood',89.9899999999999948,'The Wooden Mid-Century Side Table evokes a retro charm with its mid-century design. Crafted from sturdy wood, this side table features a compact size suitable for limited office spaces. Its natural wood finish and tapered legs add a touch of vintage elegance to your office interior.','Molteni&C','10','16x16x22 inches','2023-12-20 23:12:08',NULL);
INSERT INTO products VALUES(29,'Modern Mesh Back Side Chair','resized_office_7.jpg','A modern mesh back side chair for comfortable seating.','Gray','Mesh, Wood',79.9899999999999948,'The Modern Mesh Back Side Chair combines style and comfort. Featuring a breathable mesh backrest and a sturdy steel frame, this side chair provides ergonomic support for extended seating. Its contemporary design makes it suitable for office waiting areas or as additional seating in workspaces.','Mobilia','12','20x20x32 inches','2023-12-20 23:12:08',NULL);
INSERT INTO products VALUES(30,'Executive Metal Side Chair','resized_office_9.jpg','An executive metal side chair for a professional touch.','Black','Metal',129.990000000000009,'The Executive metal Side Chair exudes sophistication with its genuine leather upholstery and metal frame. Ideal for office guests or conference rooms, this chair offers a blend of comfort and elegance. Its classic black color and refined design elevate the ambiance of any professional setting.','Dufresne','18','22x24x30 inches','2023-12-20 23:12:08',NULL);
INSERT INTO products VALUES(31,'Green Top Side Table','resized_living_1.jpg','A stylish green top  side table for modern living rooms.','Green','Wood',299.990000000000009,'The Wooden Top Side Table exudes elegance with its marble tabletop and gold-finished metal base. Its sleek design and luxurious materials make it a focal point in modern living rooms. The rectangular shape and compact size make it a functional and stylish addition to your home decor.','Us & Coutumes','15','18x18x22 inches','2023-12-20 23:12:08',NULL);
INSERT INTO products VALUES(32,'Classic Wingback Chair','resized_living_2.jpg','A classic wingback chair for timeless elegance.','Beige','Linen, Wood',299.990000000000009,'The Classic Wingback Chair exudes elegance with its wingback design and linen upholstery. This chair is perfect for adding a touch of sophistication to your living room decor. Its sturdy wooden legs and comfortable cushioning make it an ideal choice for both style and relaxation.','Palliser','30','28x32x38 inches','2023-12-20 23:12:08',NULL);
INSERT INTO products VALUES(33,'Modern Leather chair','resized_living_5.jpg','A modern leather chair for contemporary living spaces.','White','Leather',399.990000000000009,'The Modern Leather chair is a statement piece with its sleek design and premium leather upholstery. Its metal frame  offer durability and a modern touch. This chair is designed for both comfort and style, making it a perfect addition to your contemporary living room.','Us & Coutumes','28','30x34x36 inches','2023-12-20 23:12:08',NULL);
INSERT INTO products VALUES(34,'Modern Leather Armchair','resized_living_8.jpg','A modern leather armchair for contemporary living spaces.','Brown','Velvet, Wood',349.990000000000009,'The Modern Leather Armchair is a statement piece with its sleek design and premium leather upholstery. Its metal frame and armrests offer durability and a modern touch. This chair is designed for both comfort and style, making it a perfect addition to your contemporary living room.','Dufresne','26','29x32x30 inches','2023-12-20 23:12:08',NULL);
INSERT INTO products VALUES(35,'Mid-Century Modern Accent Chair','resized_living_10.jpg','A mid-century modern accent chair for stylish living spaces.','Black','Metal',249.990000000000009,'The Mid-Century Modern Accent Chair combines retro style with modern comfort. Featuring a fabric upholstery and wooden legs, this chair adds a touch of sophistication to your living room. Its ergonomic design and cushioned seat provide comfortable seating while enhancing the aesthetic appeal of your space.','Palliser','25','26x30x32 inches','2023-12-20 23:12:08',NULL);
INSERT INTO products VALUES(36,'Compact Loveseat Sofa','resized_living_7.jpg','A compact loveseat sofa for cozy living rooms.','Charcoal Gray','Fabric',599.990000000000009,'The Compact Loveseat Sofa offers comfort in a space-saving design. Upholstered in soft fabric, this loveseat sofa is perfect for small living rooms or as an additional seating option. Its modern style and sturdy construction make it a versatile piece for enhancing the coziness of your living space.','Mobilia','65','60x32x34 inches','2023-12-20 23:12:08',NULL);
INSERT INTO products VALUES(37,'Mid-Century Modern Sleeper Sofa','resized_living_3.jpg','A mid-century modern sleeper sofa for multifunctional living rooms.','Teal Blue','Velvet, Wood',799.990000000000009,'The Mid-Century Modern Sleeper Sofa combines style and functionality. Upholstered in luxurious velvet, this sofa features a sleek design and the added convenience of a sleeper function. Its vibrant teal blue color and mid-century wooden legs elevate the aesthetics of your living room.','Molteni&C','85','80x36x32 inches','2023-12-20 23:12:08',NULL);
INSERT INTO products VALUES(38,'Sectional Chaise Sofa','resized_living_4.jpg','A sectional chaise sofa for versatile seating arrangements.','Light Beige','Microfiber',899.990000000000009,'The Sectional Chaise Sofa offers flexibility and comfort in a sectional design. Its plush microfiber upholstery and chaise section provide ample seating for relaxation or entertaining guests in your living room. This sofa allows for customizable seating arrangements to suit your space.','Mobilia','100','96x64x36 inches','2023-12-20 23:12:08',NULL);
INSERT INTO products VALUES(39,'Wooden Rectangular Coffee Table','resized_living_6.jpg','A wooden rectangular coffee table for versatile living rooms.','White','Wood',249.990000000000009,'The Wooden Rectangular Coffee Table offers a blend of functionality and elegance. Crafted from durable wood with a rich dark walnut finish, this table provides ample space for placing decor items or serving refreshments. Its classic design makes it a versatile addition to various living room settings.','Us & Coutumes','40','48x24x18 inches','2023-12-20 23:12:08',NULL);
INSERT INTO products VALUES(40,'Aurora Steel Curve Lamp','resized_living_6.jpg','Illuminate your space with elegance using our sleek steel overhead lamp featuring a beautifully curved stand','Silver','Stainless Steel',129.990000000000009,'Crafted with durable stainless steel, this lamp adds a modern touch to any room. Its curved stand provides a unique design element while casting a soft, ambient light.','Palliser','5','160x24x18','2023-12-20 23:12:08',NULL);
INSERT INTO products VALUES(41,'Ceramic Glazed Flower Pot','resized_garden_9.jpg','A beautifully glazed ceramic flower pot for indoor and outdoor use.','Blue','Ceramic',19.9899999999999984,'This ceramic flower pot features a stunning glazed finish, adding a pop of color to any space. Its durable construction makes it suitable for both indoor and outdoor use. Perfect for showcasing your favorite plants and flowers.','Dufresne','5','10x10x10 inches','2023-12-20 23:12:08',NULL);
INSERT INTO products VALUES(42,'Terracotta Round Flower Pot','resized_garden_1.jpg','A classic terracotta flower pot for gardening enthusiasts.','Terracotta','Terracotta',12.5,'The Terracotta Round Flower Pot is a timeless choice for gardening. Its natural terracotta finish complements various plant types. With a sturdy build, it''s ideal for planting herbs, flowers, or small shrubs both indoors and outdoors.','Palliser','3','8x8x8 inches','2023-12-20 23:12:08',NULL);
INSERT INTO products VALUES(43,'Rattan Decorative Plants Pot','resized_garden_7.jpg','A decorative rattan plant pot to add a rustic charm to your space.','White','Rattan',29.9899999999999984,'Add a touch of rustic elegance to your garden or home with this decorative rattan plant pot. Crafted from natural rattan, it boasts intricate weaving and a rich white hue. Perfect for showcasing your favorite plants in style.','Us & Coutumes','4','9x9x9 inches','2023-12-20 23:12:08',NULL);
INSERT INTO products VALUES(44,'Plastic Stackable Flower Pot Set','resized_garden_8.jpg','A set of stackable plastic flower pots for versatile planting.','White','Plastic',15.9900000000000002,'This set of stackable flower pots is perfect for those short on space. Made from durable, weather-resistant plastic, these pots are easy to stack, allowing you to create an attractive vertical garden. Ideal for planting herbs, flowers, or succulents.','Mobilia','1','6x6x6 inches each','2023-12-20 23:12:08',NULL);
INSERT INTO products VALUES(45,'Garden Small Stool','resized_garden_2.jpg','A compact and sturdy stool for your garden or outdoor space.','White','Wood',14.9900000000000002,'This garden small stool is designed for both functionality and portability. Made of durable and weather-resistant plastic, it withstands outdoor conditions while providing a convenient seat for gardening or outdoor activities. Its compact size makes it easy to move and store.','Molteni&C','2','12x12x12 inches','2023-12-20 23:12:08',NULL);
INSERT INTO products VALUES(46,'Weatherproof Garden Chair','resized_garden_3.jpg','A comfortable and durable garden chair for outdoor relaxation.','Beige','Metal and Textilene',49.9900000000000019,'This weatherproof garden chair combines comfort and durability. Constructed with a sturdy metal frame and a breathable textilene seat, it is designed to withstand outdoor conditions. The ergonomic design provides excellent support, making it ideal for relaxing in your garden or patio.','Dufresne','5','24x24x36 inches','2023-12-20 23:12:08',NULL);
INSERT INTO products VALUES(47,'Compact Indoor Coffee Set','resized_garden_4.jpg','A stylish and space-saving coffee set for indoor use.','Espresso White','Wood and Glass',129.990000000000009,'This compact indoor coffee set is perfect for smaller spaces. Crafted with quality wood and accented with glass tabletops, it exudes elegance while saving space. The set includes a coffee table and two matching stools, offering a cozy setup for intimate gatherings or casual dining indoors.','Dufresne','15','36x20x18 inches (table), 16x16x18 inches (stools)','2023-12-20 23:12:08',NULL);
INSERT INTO products VALUES(48,'Indoor Plant Pot Table','resized_garden_5.jpg','A multi-tiered table designed to display indoor plants elegantly.','White','Metal and Wood',79.9899999999999948,'This indoor plant pot table offers a stylish way to showcase your indoor greenery. Constructed with a sturdy metal frame and wooden shelves, it features multiple tiers for arranging different plants. The sleek design adds an aesthetic touch to any room while providing ample space for various plant sizes and decorations.','Molteni&C','10','30x12x36 inches','2023-12-20 23:12:08',NULL);
INSERT INTO products VALUES(49,'Indoor Plant Pot Area Divider','resized_garden_7.jpg','A decorative area divider with integrated plant pots for indoor spaces.','Brown','Wood and Metal',149.990000000000009,'This indoor plant pot area divider adds charm to your living space while offering a functional division. Crafted with wooden panels and integrated metal plant pot holders, it creates a natural partition for different areas within a room. The versatile design allows you to create an indoor garden or delineate spaces while maintaining an elegant aesthetic.','Palliser','20','60x12x72 inches','2023-12-20 23:12:08',NULL);
INSERT INTO products VALUES(50,'Handmade Dreamcatcher Wall Decor','resized_garden_10.jpg','A beautifully crafted dreamcatcher for wall decoration.','Green','Feathers, Beads, and Thread',29.9899999999999984,'This handmade dreamcatcher adds a bohemian touch to any room. Intricately crafted with feathers, beads, and colorful threads, it is believed to catch bad dreams and let only good dreams pass through. Hang it on your wall for both aesthetic appeal and a touch of mysticism.','Us & Coutumes','1','12-inch diameter, 24-inch length (including hanging string)','2023-12-20 23:12:08',NULL);
CREATE TABLE IF NOT EXISTS "taxes" ("id" integer primary key autoincrement not null, "province" varchar not null, "pst" numeric not null default '0', "gst" numeric not null default '0', "hst" numeric not null default '0', "created_at" datetime, "updated_at" datetime);
INSERT INTO taxes VALUES(1,'Alberta',0,0.0500000000000000027,0,NULL,NULL);
INSERT INTO taxes VALUES(2,'British Columbia',0.0700000000000000066,0.0500000000000000027,0,NULL,NULL);
INSERT INTO taxes VALUES(3,'Manitoba',0.0700000000000000066,0.0500000000000000027,0,NULL,NULL);
INSERT INTO taxes VALUES(4,'New Brunswick',0,0,0.149999999999999994,NULL,NULL);
INSERT INTO taxes VALUES(5,'Newfoundland and Labrador',0,0,0.149999999999999994,NULL,NULL);
INSERT INTO taxes VALUES(6,'Northwest Territories',0,0.0500000000000000027,0,NULL,NULL);
INSERT INTO taxes VALUES(7,'Nova Scotia',0,0,0.149999999999999994,NULL,NULL);
INSERT INTO taxes VALUES(8,'Nunavut',0,0.0500000000000000027,0,NULL,NULL);
INSERT INTO taxes VALUES(9,'Ontario',0,0,0.130000000000000004,NULL,NULL);
INSERT INTO taxes VALUES(10,'Prince Edward Island',0,0,0.149999999999999994,NULL,NULL);
INSERT INTO taxes VALUES(11,'Quebec',0.0975000000000000033,0.0500000000000000027,0,NULL,NULL);
INSERT INTO taxes VALUES(12,'Saskatchewan',0.0599999999999999977,0.0500000000000000027,0,NULL,NULL);
INSERT INTO taxes VALUES(13,'Yukon',0,0.0500000000000000027,0,NULL,NULL);
CREATE TABLE IF NOT EXISTS "orders" ("id" integer primary key autoincrement not null, "order_date" date not null, "sub_total" numeric not null, "pst" numeric, "gst" numeric, "hst" numeric, "total" numeric not null, "address" varchar not null, "city" varchar not null, "province" varchar not null, "postal_code" varchar not null, "user_id" integer not null, "status" tinyint(1) not null default '0', "created_at" datetime, "updated_at" datetime);
INSERT INTO orders VALUES(1,'2023-12-20 23:15:23',199.990000000000009,19.4990249999999996,9.99949999999999938,0,229.488525000000009,'Admin Main Address','Montreal','Quebec','G1R 2H1',2,0,'2023-12-20 23:15:23','2023-12-20 23:15:23');
INSERT INTO orders VALUES(2,'2023-12-20 23:15:52',199.990000000000009,19.4990249999999996,9.99949999999999938,0,229.488525000000009,'Admin Main Address','Montreal','Quebec','G1R 2H1',2,1,'2023-12-20 23:15:52','2023-12-20 23:15:55');
CREATE TABLE IF NOT EXISTS "line_items" ("id" integer primary key autoincrement not null, "order_id" integer not null, "product_id" integer not null, "name" varchar not null, "quantity" integer not null, "unit_price" numeric not null, "created_at" datetime, "updated_at" datetime);
INSERT INTO line_items VALUES(1,1,3,'Elegant Bedroom Chair',1,199.990000000000009,'2023-12-20 23:15:23','2023-12-20 23:15:23');
INSERT INTO line_items VALUES(2,2,3,'Elegant Bedroom Chair',1,199.990000000000009,'2023-12-20 23:15:52','2023-12-20 23:15:52');
CREATE TABLE IF NOT EXISTS "transactions" ("id" integer primary key autoincrement not null, "order_id" integer not null, "status" tinyint(1) not null default '0', "transaction" text not null, "created_at" datetime, "updated_at" datetime);
INSERT INTO transactions VALUES(1,1,0,'{"ref_number":1,"result_code":"ok","result_message":"Connection successful","transaction_response":{"response_code":"2","auth_code":"000000","errors":{"cvv_result":"Invalid CVV"},"trans_id":15682}}','2023-12-20 23:15:26','2023-12-20 23:15:26');
INSERT INTO transactions VALUES(2,2,0,'{"ref_number":2,"result_code":"ok","result_message":"Connection successful","transaction_response":{"response_code":"1","auth_code":"2023-15684","errors":[],"trans_id":15684}}','2023-12-20 23:15:55','2023-12-20 23:15:55');
CREATE TABLE IF NOT EXISTS "reviews" ("id" integer primary key autoincrement not null, "product_id" integer not null, "user_id" integer not null, "comment" text not null, "created_at" datetime, "updated_at" datetime);
CREATE TABLE IF NOT EXISTS "messages" ("id" integer primary key autoincrement not null, "name" varchar not null, "email" varchar not null, "message" varchar not null, "created_at" datetime, "updated_at" datetime);
CREATE TABLE IF NOT EXISTS "category_product" ("category_id" integer not null, "product_id" integer not null);
INSERT INTO category_product VALUES(2,1);
INSERT INTO category_product VALUES(3,1);
INSERT INTO category_product VALUES(5,1);
INSERT INTO category_product VALUES(4,2);
INSERT INTO category_product VALUES(1,2);
INSERT INTO category_product VALUES(2,2);
INSERT INTO category_product VALUES(4,3);
INSERT INTO category_product VALUES(5,3);
INSERT INTO category_product VALUES(1,3);
INSERT INTO category_product VALUES(1,4);
INSERT INTO category_product VALUES(2,4);
INSERT INTO category_product VALUES(5,4);
INSERT INTO category_product VALUES(4,5);
INSERT INTO category_product VALUES(3,5);
INSERT INTO category_product VALUES(2,5);
INSERT INTO category_product VALUES(4,6);
INSERT INTO category_product VALUES(3,6);
INSERT INTO category_product VALUES(1,6);
INSERT INTO category_product VALUES(1,7);
INSERT INTO category_product VALUES(5,7);
INSERT INTO category_product VALUES(4,7);
INSERT INTO category_product VALUES(1,8);
INSERT INTO category_product VALUES(5,8);
INSERT INTO category_product VALUES(3,8);
INSERT INTO category_product VALUES(5,9);
INSERT INTO category_product VALUES(3,9);
INSERT INTO category_product VALUES(1,9);
INSERT INTO category_product VALUES(3,10);
INSERT INTO category_product VALUES(2,10);
INSERT INTO category_product VALUES(1,10);
INSERT INTO category_product VALUES(2,11);
INSERT INTO category_product VALUES(4,11);
INSERT INTO category_product VALUES(3,11);
INSERT INTO category_product VALUES(4,12);
INSERT INTO category_product VALUES(1,12);
INSERT INTO category_product VALUES(3,12);
INSERT INTO category_product VALUES(1,13);
INSERT INTO category_product VALUES(5,13);
INSERT INTO category_product VALUES(3,13);
INSERT INTO category_product VALUES(3,14);
INSERT INTO category_product VALUES(1,14);
INSERT INTO category_product VALUES(2,14);
INSERT INTO category_product VALUES(5,15);
INSERT INTO category_product VALUES(4,15);
INSERT INTO category_product VALUES(3,15);
INSERT INTO category_product VALUES(2,16);
INSERT INTO category_product VALUES(1,16);
INSERT INTO category_product VALUES(3,16);
INSERT INTO category_product VALUES(1,17);
INSERT INTO category_product VALUES(2,17);
INSERT INTO category_product VALUES(4,17);
INSERT INTO category_product VALUES(4,18);
INSERT INTO category_product VALUES(2,18);
INSERT INTO category_product VALUES(3,18);
INSERT INTO category_product VALUES(4,19);
INSERT INTO category_product VALUES(5,19);
INSERT INTO category_product VALUES(1,19);
INSERT INTO category_product VALUES(4,20);
INSERT INTO category_product VALUES(1,20);
INSERT INTO category_product VALUES(3,20);
INSERT INTO category_product VALUES(4,21);
INSERT INTO category_product VALUES(1,21);
INSERT INTO category_product VALUES(5,21);
INSERT INTO category_product VALUES(2,22);
INSERT INTO category_product VALUES(1,22);
INSERT INTO category_product VALUES(3,22);
INSERT INTO category_product VALUES(4,23);
INSERT INTO category_product VALUES(5,23);
INSERT INTO category_product VALUES(1,23);
INSERT INTO category_product VALUES(4,24);
INSERT INTO category_product VALUES(1,24);
INSERT INTO category_product VALUES(2,24);
INSERT INTO category_product VALUES(3,25);
INSERT INTO category_product VALUES(2,25);
INSERT INTO category_product VALUES(1,25);
INSERT INTO category_product VALUES(5,26);
INSERT INTO category_product VALUES(4,26);
INSERT INTO category_product VALUES(3,26);
INSERT INTO category_product VALUES(2,27);
INSERT INTO category_product VALUES(5,27);
INSERT INTO category_product VALUES(1,27);
INSERT INTO category_product VALUES(4,28);
INSERT INTO category_product VALUES(3,28);
INSERT INTO category_product VALUES(1,28);
INSERT INTO category_product VALUES(5,29);
INSERT INTO category_product VALUES(3,29);
INSERT INTO category_product VALUES(1,29);
INSERT INTO category_product VALUES(4,30);
INSERT INTO category_product VALUES(3,30);
INSERT INTO category_product VALUES(1,30);
INSERT INTO category_product VALUES(3,31);
INSERT INTO category_product VALUES(4,31);
INSERT INTO category_product VALUES(5,31);
INSERT INTO category_product VALUES(4,32);
INSERT INTO category_product VALUES(5,32);
INSERT INTO category_product VALUES(2,32);
INSERT INTO category_product VALUES(2,33);
INSERT INTO category_product VALUES(5,33);
INSERT INTO category_product VALUES(3,33);
INSERT INTO category_product VALUES(3,34);
INSERT INTO category_product VALUES(5,34);
INSERT INTO category_product VALUES(4,34);
INSERT INTO category_product VALUES(3,35);
INSERT INTO category_product VALUES(4,35);
INSERT INTO category_product VALUES(5,35);
INSERT INTO category_product VALUES(1,36);
INSERT INTO category_product VALUES(2,36);
INSERT INTO category_product VALUES(5,36);
INSERT INTO category_product VALUES(3,37);
INSERT INTO category_product VALUES(4,37);
INSERT INTO category_product VALUES(1,37);
INSERT INTO category_product VALUES(4,38);
INSERT INTO category_product VALUES(5,38);
INSERT INTO category_product VALUES(3,38);
INSERT INTO category_product VALUES(2,39);
INSERT INTO category_product VALUES(5,39);
INSERT INTO category_product VALUES(3,39);
INSERT INTO category_product VALUES(2,40);
INSERT INTO category_product VALUES(1,40);
INSERT INTO category_product VALUES(3,40);
INSERT INTO category_product VALUES(3,41);
INSERT INTO category_product VALUES(2,41);
INSERT INTO category_product VALUES(4,41);
INSERT INTO category_product VALUES(2,42);
INSERT INTO category_product VALUES(5,42);
INSERT INTO category_product VALUES(4,42);
INSERT INTO category_product VALUES(1,43);
INSERT INTO category_product VALUES(2,43);
INSERT INTO category_product VALUES(4,43);
INSERT INTO category_product VALUES(5,44);
INSERT INTO category_product VALUES(2,44);
INSERT INTO category_product VALUES(3,44);
INSERT INTO category_product VALUES(2,45);
INSERT INTO category_product VALUES(1,45);
INSERT INTO category_product VALUES(3,45);
INSERT INTO category_product VALUES(1,46);
INSERT INTO category_product VALUES(2,46);
INSERT INTO category_product VALUES(3,46);
INSERT INTO category_product VALUES(2,47);
INSERT INTO category_product VALUES(4,47);
INSERT INTO category_product VALUES(3,47);
INSERT INTO category_product VALUES(3,48);
INSERT INTO category_product VALUES(2,48);
INSERT INTO category_product VALUES(4,48);
INSERT INTO category_product VALUES(3,49);
INSERT INTO category_product VALUES(2,49);
INSERT INTO category_product VALUES(4,49);
INSERT INTO category_product VALUES(5,50);
INSERT INTO category_product VALUES(3,50);
INSERT INTO category_product VALUES(1,50);
DELETE FROM sqlite_sequence;
INSERT INTO sqlite_sequence VALUES('migrations',448);
INSERT INTO sqlite_sequence VALUES('users',2);
INSERT INTO sqlite_sequence VALUES('categories',5);
INSERT INTO sqlite_sequence VALUES('taxes',13);
INSERT INTO sqlite_sequence VALUES('products',50);
INSERT INTO sqlite_sequence VALUES('orders',2);
INSERT INTO sqlite_sequence VALUES('line_items',2);
INSERT INTO sqlite_sequence VALUES('transactions',2);
CREATE UNIQUE INDEX "users_email_unique" on "users" ("email");
CREATE INDEX "password_resets_email_index" on "password_resets" ("email");
CREATE UNIQUE INDEX "failed_jobs_uuid_unique" on "failed_jobs" ("uuid");
CREATE INDEX "personal_access_tokens_tokenable_type_tokenable_id_index" on "personal_access_tokens" ("tokenable_type", "tokenable_id");
CREATE UNIQUE INDEX "personal_access_tokens_token_unique" on "personal_access_tokens" ("token");
COMMIT;
